NAME,F1,F2,F3,F4
Example.wav,0.44537545612545,1.6422395494712,2.4786549639365,3.7613720611662
