NAME,F1,F2,F3,F4
data/Example.wav,508.4347839355469,1604.8785400390625,2670.5185546875,3638.697509765625
